<?xml version="1.0"?>
<doc>
    <assembly>
        <name>HDB-POET</name>
    </assembly>
    <members>
        <member name="T:HDBBrowser.About">
            <summary>
            Dialog window that shows version of HDB-Poet.
            </summary>
        </member>
        <member name="F:HDBBrowser.About.components">
            <summary>
            Required designer variable.
            </summary>
        </member>
        <member name="M:HDBBrowser.About.Dispose(System.Boolean)">
            <summary>
            Clean up any resources being used.
            </summary>
        </member>
        <member name="M:HDBBrowser.About.InitializeComponent">
            <summary>
            Required method for Designer support - do not modify
            the contents of this method with the code editor.
            </summary>
        </member>
        <member name="T:HDBBrowser.FormMain">
            <summary>
            THis is the main form for the HDB-POET application
            </summary>
        </member>
        <member name="M:HDBBrowser.FormMain.Dispose(System.Boolean)">
            <summary>
            Clean up any resources being used.
            </summary>
        </member>
        <member name="M:HDBBrowser.FormMain.InitializeComponent">
            <summary>
            Required method for Designer support - do not modify
            the contents of this method with the code editor.
            </summary>
        </member>
        <member name="M:HDBBrowser.FormMain.Main(System.String[])">
            <summary>
            The main entry point for the application.
            </summary>
        </member>
    </members>
</doc>
