<?xml version="1.0"?>
<doc>
    <assembly>
        <name>HDB</name>
    </assembly>
    <members>
        <member name="F:HDBBrowser.GraphProperties.components">
            <summary> 
            Required designer variable.
            </summary>
        </member>
        <member name="M:HDBBrowser.GraphProperties.SetupListBoxes">
            <summary>
            Fill in list boxes that show different ways to filter the selection tree.
            </summary>
        </member>
        <member name="M:HDBBrowser.GraphProperties.LoadTree">
            <summary>
            using the filtered site list build a tree that
            has datatype (such as 'flow')as the sub-branches.
            The Tag property of each tree node continas the important HDB site_datatype_id
            </summary>
        </member>
        <member name="M:HDBBrowser.GraphProperties.Dispose(System.Boolean)">
            <summary> 
            Clean up any resources being used.
            </summary>
        </member>
        <member name="M:HDBBrowser.GraphProperties.InitializeComponent">
            <summary> 
            Required method for Designer support - do not modify 
            the contents of this method with the code editor.
            </summary>
        </member>
        <member name="M:HDBBrowser.GraphProperties.UpdateSelectedSeries">
            <summary>
            Creates a list of series that will be used for a graph.
            </summary>
        </member>
        <member name="T:HDBBrowser.HDB">
            <summary>
            Summary description for HDB.
            </summary>
        </member>
        <member name="M:HDBBrowser.HDB.OverwriteInfo(System.Decimal,System.String)">
            <summary>
            OverwriteInfo is called by the interface 
            to inform the user about editing that is not allowed.
            possible return values.
            ------------------
            'O'  - this is overwrite use 'O' for Overwrite_flag
            'NULL'   - this is not overwrite, use null for overwrite_flag, is source interval
            'ERROR'  - no derivations are defined for this sdi, inform user and do not insert.
            //	'NO_DERIV'	     - no derivation specification for this sdi exists, data will not move out of r_base unless 'O' is used
            Other flags may be defined as procedure evolves.
             
            </summary>
        </member>
        <member name="M:HDBBrowser.HDB.LookupApplication">
            <summary>
            LookupApplication calls a stored procedure to 
            determine what id the hdb-poet application is using for the 
            specific HDB you are logged into.
            
            Some other id's are also returned from the stored procedure:
            
            the values returned are:
            
            static_AGEN_ID 
            static_COLLECTION_SYSTEM_ID
            static_LOADING_APPLICATION_ID
            static_METHOD_ID 
            static_COMPUTATION_ID 
            </summary>
        </member>
        <member name="M:HDBBrowser.HDB.modify_r_base(System.Decimal,System.String,System.DateTime,System.DateTime,System.Double,System.String,System.String,System.String)">
            <summary>
            Wrapper function to call the stored procedure named modify_r_base.
            This function is called for each time series value that is modified or 
            inserted.
            </summary>
            <param name="SITE_DATATYPE_ID"></param>
            <param name="INTERVAL"></param>
            <param name="START_DATE_TIME"></param>
            <param name="END_DATE_TIME"></param>
            <param name="VALUE"></param>
            <param name="OVERWRITE_FLAG"></param>
            <param name="VALIDATION"></param>
            <param name="DO_UPDATE_Y_OR_N"></param>
            <returns></returns>
        </member>
        <member name="M:HDBBrowser.HDB.modify_r_base_raw(System.Decimal,System.String,System.DateTime,System.DateTime,System.Double,System.Decimal,System.String,System.String,System.Decimal,System.Decimal,System.Decimal,System.Decimal,System.String)">
            <summary>
            Wrapper for stored procedure MODIFY_R_BASE_RAW
            </summary>
        </member>
        <member name="M:HDBBrowser.HDB.FilteredSiteList(System.String,System.String[],System.Int32[],System.DateTime,System.DateTime)">
            <summary>
            Gets list of sites for the graph series editor (graph properties)
            </summary>
        </member>
        <member name="M:HDBBrowser.HDB.SiteInfo(System.Int32,System.String[])">
            <summary>
            SiteInfo returns a list of data types and the period of record for
            each data type.  For example the following table is returned for site 919
            Connected.
            
              INTERVA DATATYPE_ID DATATYPE_COMMON_NAME                                             COUNT(A.VALUE) rtable  site_datatype_id    site_id MIN(START MAX(START
              ------- ----------- ---------------------------------------------------------------- -------------- ------- ---------------- ---------- --------- ---------
               daily            17 reservoir storage, end of period reading used as value for per.            5046 r_day               1730        932 01-OCT-70 08-JUL-03
               daily            29 average inflow                                                             4553 r_day               1801        932 02-OCT-90 08-JUL-03
               daily            42 average sum of all reservoir releases (pwr and oth)                        4552 r_day               1881        932 02-OCT-90 08-JUL-03
               daily            49 reservoir WS elevation, end of per reading used as value for per           5044 r_day               1937        932 01-OCT-70 08-JUL-03
               monthly          17 reservoir storage, end of period reading used as value for per.             389 r_month             1730        932 01-OCT-70 01-FEB-03
               monthly          49 reservoir WS elevation, end of per reading used as value for per            120 r_month             1937        932 01-OCT-70 01-JUL-86
            </summary>
        </member>
        <member name="P:HDBBrowser.HDB.Categories">
            <summary>
            Returns table of hdb data categoritgs.
            i.e.  Stream, Reservoir, Climate, etc...
            </summary>
            <returns></returns>
        </member>
        <member name="T:HDBBrowser.HDBInfo">
            <summary>
            Summary description for HDBInfo.
            </summary>
        </member>
        <member name="F:HDBBrowser.HDBInfo.components">
            <summary>
            Required designer variable.
            </summary>
        </member>
        <member name="M:HDBBrowser.HDBInfo.Dispose(System.Boolean)">
            <summary>
            Clean up any resources being used.
            </summary>
        </member>
        <member name="M:HDBBrowser.HDBInfo.InitializeComponent">
            <summary>
            Required method for Designer support - do not modify
            the contents of this method with the code editor.
            </summary>
        </member>
        <member name="T:HDBBrowser.HDBBrowser">
            <summary>
            Summary description for 
            </summary>
        </member>
        <member name="M:HDBBrowser.HDBBrowser.Dispose(System.Boolean)">
            <summary> 
            Clean up any resources being used.
            </summary>
        </member>
        <member name="M:HDBBrowser.HDBBrowser.InitializeComponent">
            <summary> 
            Required method for Designer support - do not modify 
            the contents of this method with the code editor.
            </summary>
        </member>
        <member name="M:HDBBrowser.HDBBrowser.Graph">
            <summary>
            Redraw graph with in-memory data
            </summary>
        </member>
        <member name="M:HDBBrowser.HDBBrowser.Graph(System.Boolean)">
            <summary>
            Redraw graph. 
            </summary>
            <param name="reloadFromOracle">set to true to get fresh data from database</param>
        </member>
        <member name="M:HDBBrowser.HDBBrowser.NewGraph">
            <summary>
            Creates a new graph.
            </summary>
            <returns>returns true if a new graph was created</returns>
        </member>
        <member name="M:HDBBrowser.HDBBrowser.EditProperties">
            <summary>
            When user clicks graph-->Properties menu
            </summary>
        </member>
        <member name="M:HDBBrowser.HDBBrowser.NewFilename">
            <summary>
            finds a new unique filename
            </summary>
            <returns></returns>
        </member>
        <member name="T:Karl.Tools.Oracle">
            <summary>
            class Oracle contains methods to access
            data from the Yakima HDB database.
            </summary>
        </member>
        <member name="M:Karl.Tools.Oracle.#ctor">
            <summary>
            Creates instance of Oracle class and prompts user for
            login info.
            </summary>
        </member>
        <member name="M:Karl.Tools.Oracle.#ctor(System.String,System.String,System.String,System.String)">
            <summary>
            Creates instance of Oracle class with inputs.
            </summary>
        </member>
        <member name="M:Karl.Tools.Oracle.ConnectionWorking">
            <summary>
            returns true if connection is working.
            </summary>
            <returns></returns>
        </member>
        <member name="M:Karl.Tools.Oracle.ExportToXML(System.String)">
            <summary>
            For testing... dumps full database to xml.
            </summary>
            <param name="XmlFilename"></param>
        </member>
        <member name="M:Karl.Tools.Oracle.GetTables">
             <summary>
            returns a list of tables. 
             </summary>
             <returns></returns>
        </member>
        <member name="M:Karl.Tools.Oracle.InsertTable(System.Data.DataTable,System.Boolean)">
            <summary>
            Appends data to database.  
            </summary>
            <param name="table">Table whose contents will be appended to datbase.</param>
            <param name="StopOnError">Set StopOnError to true to stop processing when any error occurrs.  Set to false to continue when errors occur</param>
        </member>
        <member name="M:Karl.Tools.Oracle.AppendToTable(System.Data.DataTable,System.String)">
            <summary>
            retrieves more data into the dataTable specified.
            </summary>
            <param name="dataTable"></param>
            <param name="sql"></param>
        </member>
        <member name="M:Karl.Tools.Oracle.RunSqlCommand(System.String,System.String)">
            <summary>
            runs sql command.
            returns number of rows affected.
            </summary>
            <returns></returns>
        </member>
        <member name="T:Karl.Tools.OracleLogin">
            <summary>
            Summary description for OracleLogin.
            </summary>
        </member>
        <member name="M:Karl.Tools.OracleLogin.Dispose(System.Boolean)">
            <summary>
            Clean up any resources being used.
            </summary>
        </member>
        <member name="M:Karl.Tools.OracleLogin.InitializeComponent">
            <summary>
            Required method for Designer support - do not modify
            the contents of this method with the code editor.
            </summary>
        </member>
        <member name="T:Karl.Tools.SqlView">
            <summary>
            Summary description for SqlView.
            </summary>
        </member>
        <member name="F:Karl.Tools.SqlView.components">
            <summary> 
            Required designer variable.
            </summary>
        </member>
        <member name="M:Karl.Tools.SqlView.Dispose(System.Boolean)">
            <summary> 
            Clean up any resources being used.
            </summary>
        </member>
        <member name="M:Karl.Tools.SqlView.InitializeComponent">
            <summary> 
            Required method for Designer support - do not modify 
            the contents of this method with the code editor.
            </summary>
        </member>
        <member name="T:HDBBrowser.StringInputForm">
            <summary>
            Summary description for StringInputForm.
            </summary>
        </member>
        <member name="F:HDBBrowser.StringInputForm.components">
            <summary>
            Required designer variable.
            </summary>
        </member>
        <member name="M:HDBBrowser.StringInputForm.CleanTextForFilename">
            <summary>
            removes invalid filename characters.
            </summary>
        </member>
        <member name="M:HDBBrowser.StringInputForm.Dispose(System.Boolean)">
            <summary>
            Clean up any resources being used.
            </summary>
        </member>
        <member name="M:HDBBrowser.StringInputForm.InitializeComponent">
            <summary>
            Required method for Designer support - do not modify
            the contents of this method with the code editor.
            </summary>
        </member>
        <member name="T:Karl.Tools.UserPreference">
            <summary>
            Summary description for UserPreference.
            </summary>
        </member>
    </members>
</doc>
